algorithm_name,env_n,states_n,actions_count,actions_cost,time,solution_found,scenario
RANDOM,1,270,0,0,0.0019500255584716797,False,scenario1
BFS,1,3009,64,64,0.005182743072509766,True,scenario1
DFS,1,8462,86,86,0.026485443115234375,True,scenario1
DLS50,1,944,0,0,0.0014510154724121094,False,scenario1
DLS75,1,2274,0,0,0.0039899349212646484,False,scenario1
DLS100,1,3640,0,0,0.007188558578491211,False,scenario1
UCS,1,3024,64,64,0.008151054382324219,True,scenario1
A*,1,3024,64,64,0.007922172546386719,True,scenario1
RANDOM,1,140,0,0,0.0016598701477050781,False,scenario2
BFS,1,3009,64,496,0.004541873931884766,True,scenario2
DFS,1,8462,86,680,0.019621849060058594,True,scenario2
DLS50,1,944,0,0,0.001638174057006836,False,scenario2
DLS75,1,2274,0,0,0.004224538803100586,False,scenario2
DLS100,1,3640,0,0,0.006896018981933594,False,scenario2
UCS,1,4642,64,496,0.012819051742553711,True,scenario2
A*,1,593,64,496,0.0016632080078125,True,scenario2
RANDOM,2,204,0,0,0.0017566680908203125,False,scenario1
BFS,2,2800,60,60,0.004233837127685547,True,scenario1
DFS,2,8115,68,68,0.01796579360961914,True,scenario1
DLS50,2,1210,0,0,0.0019676685333251953,False,scenario1
DLS75,2,2040,0,0,0.003654956817626953,False,scenario1
DLS100,2,1035,78,78,0.0015621185302734375,True,scenario1
UCS,2,2742,60,60,0.007822751998901367,True,scenario1
A*,2,2742,60,60,0.0070607662200927734,True,scenario1
RANDOM,2,329,0,0,0.0017445087432861328,False,scenario2
BFS,2,2800,60,546,0.004040956497192383,True,scenario2
DFS,2,8115,68,608,0.019562244415283203,True,scenario2
DLS50,2,1210,0,0,0.001958131790161133,False,scenario2
DLS75,2,2040,0,0,0.0035605430603027344,False,scenario2
DLS100,2,1035,78,582,0.0017037391662597656,True,scenario2
UCS,2,5593,60,546,0.01865530014038086,True,scenario2
A*,2,312,60,546,0.0009374618530273438,True,scenario2
RANDOM,3,347,0,0,0.00174713134765625,False,scenario1
BFS,3,2960,41,41,0.0047757625579833984,True,scenario1
DFS,3,2532,179,179,0.00537872314453125,True,scenario1
DLS50,3,794,0,0,0.0012745857238769531,False,scenario1
DLS75,3,2238,0,0,0.0037839412689208984,False,scenario1
DLS100,3,2431,59,59,0.004410743713378906,True,scenario1
UCS,3,2988,41,41,0.008366584777832031,True,scenario1
A*,3,2988,41,41,0.007874488830566406,True,scenario1
RANDOM,3,428,0,0,0.0017271041870117188,False,scenario2
BFS,3,2960,41,302,0.00420069694519043,True,scenario2
DFS,3,2532,179,1088,0.005100727081298828,True,scenario2
DLS50,3,794,0,0,0.0013022422790527344,False,scenario2
DLS75,3,2238,0,0,0.0038111209869384766,False,scenario2
DLS100,3,2431,59,320,0.0043487548828125,True,scenario2
UCS,3,5081,41,302,0.016302108764648438,True,scenario2
A*,3,352,41,302,0.001033782958984375,True,scenario2
RANDOM,4,330,0,0,0.001665353775024414,False,scenario1
BFS,4,6404,80,80,0.010616779327392578,True,scenario1
DFS,4,3338,322,322,0.006485462188720703,True,scenario1
DLS50,4,1119,0,0,0.0017614364624023438,False,scenario1
DLS75,4,1538,0,0,0.0024263858795166016,False,scenario1
DLS100,4,2582,0,0,0.004530191421508789,False,scenario1
UCS,4,6404,80,80,0.019060611724853516,True,scenario1
A*,4,6404,80,80,0.020316123962402344,True,scenario1
RANDOM,4,398,0,0,0.0017232894897460938,False,scenario2
BFS,4,6404,80,305,0.010054588317871094,True,scenario2
DFS,4,3338,322,2059,0.006620645523071289,True,scenario2
DLS50,4,1119,0,0,0.0016963481903076172,False,scenario2
DLS75,4,1538,0,0,0.0024569034576416016,False,scenario2
DLS100,4,2582,0,0,0.004370927810668945,False,scenario2
UCS,4,4926,80,305,0.014539241790771484,True,scenario2
A*,4,1181,80,305,0.0031991004943847656,True,scenario2
RANDOM,5,345,0,0,0.001623392105102539,False,scenario1
BFS,5,1688,38,38,0.0023336410522460938,True,scenario1
DFS,5,3228,214,214,0.0071032047271728516,True,scenario1
DLS50,5,602,0,0,0.0009593963623046875,False,scenario1
DLS75,5,870,0,0,0.001455068588256836,False,scenario1
DLS100,5,1194,0,0,0.0019834041595458984,False,scenario1
UCS,5,1669,38,38,0.003844738006591797,True,scenario1
A*,5,1669,38,38,0.003923892974853516,True,scenario1
RANDOM,5,239,0,0,0.0016133785247802734,False,scenario2
BFS,5,1688,38,191,0.002306699752807617,True,scenario2
DFS,5,3228,214,1357,0.0062677860260009766,True,scenario2
DLS50,5,602,0,0,0.0009720325469970703,False,scenario2
DLS75,5,870,0,0,0.0014188289642333984,False,scenario2
DLS100,5,1194,0,0,0.001981019973754883,False,scenario2
UCS,5,2173,38,191,0.005386829376220703,True,scenario2
A*,5,348,38,191,0.0009045600891113281,True,scenario2
RANDOM,6,240,0,0,0.0016193389892578125,False,scenario1
BFS,6,5438,85,85,0.00802755355834961,True,scenario1
DFS,6,6310,129,129,0.014551162719726562,True,scenario1
DLS50,6,442,0,0,0.0009214878082275391,False,scenario1
DLS75,6,1016,0,0,0.0017478466033935547,False,scenario1
DLS100,6,1039,0,0,0.00173187255859375,False,scenario1
UCS,6,5454,85,85,0.01734781265258789,True,scenario1
A*,6,5454,85,85,0.017562150955200195,True,scenario1
RANDOM,6,255,0,0,0.0029616355895996094,False,scenario2
BFS,6,5438,85,292,0.013402700424194336,True,scenario2
DFS,6,6310,129,678,0.014485597610473633,True,scenario2
DLS50,6,442,0,0,0.0008597373962402344,False,scenario2
DLS75,6,1016,0,0,0.0018939971923828125,False,scenario2
DLS100,6,1039,0,0,0.0016987323760986328,False,scenario2
UCS,6,4464,85,292,0.012535810470581055,True,scenario2
A*,6,1175,85,292,0.003149747848510742,True,scenario2
RANDOM,7,358,0,0,0.0015552043914794922,False,scenario1
BFS,7,2108,34,34,0.0027484893798828125,True,scenario1
DFS,7,9039,216,216,0.02060222625732422,True,scenario1
DLS50,7,1223,0,0,0.0019383430480957031,False,scenario1
DLS75,7,2038,0,0,0.0037221908569335938,False,scenario1
DLS100,7,2234,78,78,0.003682851791381836,True,scenario1
UCS,7,2122,34,34,0.005243062973022461,True,scenario1
A*,7,2122,34,34,0.0051021575927734375,True,scenario1
RANDOM,7,366,0,0,0.0016548633575439453,False,scenario2
BFS,7,2108,34,151,0.002810955047607422,True,scenario2
DFS,7,9039,216,1305,0.021662473678588867,True,scenario2
DLS50,7,1223,0,0,0.00196075439453125,False,scenario2
DLS75,7,2038,0,0,0.003841400146484375,False,scenario2
DLS100,7,2234,78,483,0.0036983489990234375,True,scenario2
UCS,7,2316,34,151,0.006298542022705078,True,scenario2
A*,7,288,34,151,0.0007581710815429688,True,scenario2
RANDOM,8,338,0,0,0.0016446113586425781,False,scenario1
BFS,8,5842,89,89,0.008557319641113281,True,scenario1
DFS,8,4981,331,331,0.011806011199951172,True,scenario1
DLS50,8,1327,0,0,0.0022554397583007812,False,scenario1
DLS75,8,1882,0,0,0.0031685829162597656,False,scenario1
DLS100,8,2531,0,0,0.0042345523834228516,False,scenario1
UCS,8,5842,89,89,0.018285751342773438,True,scenario1
A*,8,5842,89,89,0.017638206481933594,True,scenario1
RANDOM,8,230,0,0,0.0016055107116699219,False,scenario2
BFS,8,5842,89,431,0.008881092071533203,True,scenario2
DFS,8,4981,331,1915,0.011780977249145508,True,scenario2
DLS50,8,1327,0,0,0.0022885799407958984,False,scenario2
DLS75,8,1882,0,0,0.003103017807006836,False,scenario2
DLS100,8,2531,0,0,0.004240751266479492,False,scenario2
UCS,8,7027,89,431,0.027929306030273438,True,scenario2
A*,8,1612,89,431,0.005884647369384766,True,scenario2
RANDOM,9,200,0,0,0.0016930103302001953,False,scenario1
BFS,9,2372,63,63,0.003220081329345703,True,scenario1
DFS,9,6400,131,131,0.01500248908996582,True,scenario1
DLS50,9,407,0,0,0.0006992816925048828,False,scenario1
DLS75,9,640,0,0,0.0010344982147216797,False,scenario1
DLS100,9,863,0,0,0.0013556480407714844,False,scenario1
UCS,9,2382,63,63,0.00579071044921875,True,scenario1
A*,9,2382,63,63,0.0053708553314208984,True,scenario1
RANDOM,9,274,0,0,0.0015535354614257812,False,scenario2
BFS,9,2372,63,117,0.003133058547973633,True,scenario2
DFS,9,6400,131,761,0.014545679092407227,True,scenario2
DLS50,9,407,0,0,0.0006873607635498047,False,scenario2
DLS75,9,640,0,0,0.0009984970092773438,False,scenario2
DLS100,9,863,0,0,0.0013794898986816406,False,scenario2
UCS,9,875,63,117,0.0021696090698242188,True,scenario2
A*,9,285,63,117,0.0007808208465576172,True,scenario2
RANDOM,10,277,0,0,0.0016608238220214844,False,scenario1
BFS,10,8789,136,136,0.013327360153198242,True,scenario1
DFS,10,832,200,200,0.0014028549194335938,True,scenario1
DLS50,10,1265,0,0,0.0018799304962158203,False,scenario1
DLS75,10,2085,0,0,0.003340005874633789,False,scenario1
DLS100,10,4158,0,0,0.006924867630004883,False,scenario1
UCS,10,8789,136,136,0.025667905807495117,True,scenario1
A*,10,8789,136,136,0.02658390998840332,True,scenario1
RANDOM,10,360,0,0,0.001863718032836914,False,scenario2
BFS,10,8789,136,865,0.013816356658935547,True,scenario2
DFS,10,832,200,1289,0.0015130043029785156,True,scenario2
DLS50,10,1265,0,0,0.001985788345336914,False,scenario2
DLS75,10,2085,0,0,0.0036306381225585938,False,scenario2
DLS100,10,4158,0,0,0.007173776626586914,False,scenario2
UCS,10,7902,136,865,0.024166584014892578,True,scenario2
A*,10,3869,136,865,0.013070106506347656,True,scenario2
RANDOM,11,346,0,0,0.0016453266143798828,False,scenario1
BFS,11,4885,76,76,0.007004737854003906,True,scenario1
DFS,11,1365,182,182,0.0025599002838134766,True,scenario1
DLS50,11,1033,0,0,0.0016465187072753906,False,scenario1
DLS75,11,1620,0,0,0.0025513172149658203,False,scenario1
DLS100,11,1411,0,0,0.0022826194763183594,False,scenario1
UCS,11,4885,76,76,0.012438297271728516,True,scenario1
A*,11,4885,76,76,0.012236595153808594,True,scenario1
RANDOM,11,238,0,0,0.0017096996307373047,False,scenario2
BFS,11,4885,76,130,0.007099628448486328,True,scenario2
DFS,11,1365,182,830,0.002597332000732422,True,scenario2
DLS50,11,1033,0,0,0.0016868114471435547,False,scenario2
DLS75,11,1620,0,0,0.0026149749755859375,False,scenario2
DLS100,11,1411,0,0,0.002384662628173828,False,scenario2
UCS,11,1511,76,130,0.0038802623748779297,True,scenario2
A*,11,374,76,130,0.0010762214660644531,True,scenario2
RANDOM,12,242,0,0,0.001714944839477539,False,scenario1
BFS,12,4218,87,87,0.0059430599212646484,True,scenario1
DFS,12,2475,195,195,0.004883289337158203,True,scenario1
DLS50,12,647,0,0,0.0010242462158203125,False,scenario1
DLS75,12,1247,0,0,0.0019497871398925781,False,scenario1
DLS100,12,2250,0,0,0.003919124603271484,False,scenario1
UCS,12,4218,87,87,0.010852336883544922,True,scenario1
A*,12,4218,87,87,0.010294675827026367,True,scenario1
RANDOM,12,212,0,0,0.0016338825225830078,False,scenario2
BFS,12,4218,87,330,0.005898475646972656,True,scenario2
DFS,12,2475,195,780,0.004807472229003906,True,scenario2
DLS50,12,647,0,0,0.001056671142578125,False,scenario2
DLS75,12,1247,0,0,0.0020525455474853516,False,scenario2
DLS100,12,2250,0,0,0.004029989242553711,False,scenario2
UCS,12,2953,87,330,0.0074808597564697266,True,scenario2
A*,12,1433,87,330,0.004048585891723633,True,scenario2
RANDOM,13,324,0,0,0.0016472339630126953,False,scenario1
BFS,13,4789,83,83,0.00687861442565918,True,scenario1
DFS,13,5852,479,479,0.01390838623046875,True,scenario1
DLS50,13,1250,0,0,0.0025556087493896484,False,scenario1
DLS75,13,2307,0,0,0.0041615962982177734,False,scenario1
DLS100,13,449,95,95,0.0007395744323730469,True,scenario1
UCS,13,4794,83,83,0.012835025787353516,True,scenario1
A*,13,4794,83,83,0.011907815933227539,True,scenario1
RANDOM,13,361,0,0,0.0017879009246826172,False,scenario2
BFS,13,4789,83,650,0.006871700286865234,True,scenario2
DFS,13,5852,479,3170,0.01410055160522461,True,scenario2
DLS50,13,1250,0,0,0.0023827552795410156,False,scenario2
DLS75,13,2307,0,0,0.004130363464355469,False,scenario2
DLS100,13,449,95,770,0.0007433891296386719,True,scenario2
UCS,13,7243,83,650,0.022629976272583008,True,scenario2
A*,13,1110,83,650,0.0032777786254882812,True,scenario2
RANDOM,14,329,0,0,0.0016286373138427734,False,scenario1
BFS,14,6366,67,67,0.010456085205078125,True,scenario1
DFS,14,5860,299,299,0.01610398292541504,True,scenario1
DLS50,14,1359,0,0,0.0024645328521728516,False,scenario1
DLS75,14,2167,0,0,0.0040094852447509766,False,scenario1
DLS100,14,2492,0,0,0.004587411880493164,False,scenario1
UCS,14,6387,67,67,0.02082228660583496,True,scenario1
A*,14,6387,67,67,0.020523548126220703,True,scenario1
RANDOM,14,200,0,0,0.0017001628875732422,False,scenario2
BFS,14,6366,67,427,0.010374307632446289,True,scenario2
DFS,14,5860,299,1937,0.013949394226074219,True,scenario2
DLS50,14,1359,0,0,0.002496480941772461,False,scenario2
DLS75,14,2167,0,0,0.004619121551513672,False,scenario2
DLS100,14,2492,0,0,0.004358768463134766,False,scenario2
UCS,14,7311,67,427,0.023227214813232422,True,scenario2
A*,14,945,67,427,0.0027277469635009766,True,scenario2
RANDOM,15,324,0,0,0.001737356185913086,False,scenario1
BFS,15,6896,96,96,0.011289834976196289,True,scenario1
DFS,15,8099,358,358,0.019375324249267578,True,scenario1
DLS50,15,527,0,0,0.0009200572967529297,False,scenario1
DLS75,15,1142,0,0,0.0018188953399658203,False,scenario1
DLS100,15,2120,0,0,0.004297971725463867,False,scenario1
UCS,15,6874,96,96,0.020883798599243164,True,scenario1
A*,15,6874,96,96,0.021727323532104492,True,scenario1
RANDOM,15,175,0,0,0.0019931793212890625,False,scenario2
BFS,15,6896,96,780,0.011260271072387695,True,scenario2
DFS,15,8099,358,2032,0.01826763153076172,True,scenario2
DLS50,15,527,0,0,0.0009222030639648438,False,scenario2
DLS75,15,1142,0,0,0.0018312931060791016,False,scenario2
DLS100,15,2120,0,0,0.0040166378021240234,False,scenario2
UCS,15,7635,96,780,0.024298667907714844,True,scenario2
A*,15,1361,96,780,0.004630088806152344,True,scenario2
RANDOM,16,408,0,0,0.0015671253204345703,False,scenario1
BFS,16,2289,37,37,0.0031151771545410156,True,scenario1
DFS,16,6917,319,319,0.015970706939697266,True,scenario1
DLS50,16,941,0,0,0.0014982223510742188,False,scenario1
DLS75,16,1327,0,0,0.0022008419036865234,False,scenario1
DLS100,16,3638,0,0,0.006858110427856445,False,scenario1
UCS,16,2303,37,37,0.005517482757568359,True,scenario1
A*,16,2303,37,37,0.005517005920410156,True,scenario1
RANDOM,16,281,0,0,0.0016319751739501953,False,scenario2
BFS,16,2289,37,334,0.0032944679260253906,True,scenario2
DFS,16,6917,319,1642,0.01652216911315918,True,scenario2
DLS50,16,941,0,0,0.0017399787902832031,False,scenario2
DLS75,16,1327,0,0,0.002420186996459961,False,scenario2
DLS100,16,3638,0,0,0.006887912750244141,False,scenario2
UCS,16,5536,37,334,0.017751693725585938,True,scenario2
A*,16,151,37,334,0.0004677772521972656,True,scenario2
RANDOM,17,304,0,0,0.0016181468963623047,False,scenario1
BFS,17,9224,142,142,0.014238595962524414,True,scenario1
DFS,17,8610,314,314,0.019724607467651367,True,scenario1
DLS50,17,770,0,0,0.0013015270233154297,False,scenario1
DLS75,17,843,0,0,0.0013625621795654297,False,scenario1
DLS100,17,1450,0,0,0.0029523372650146484,False,scenario1
UCS,17,9221,142,142,0.026957035064697266,True,scenario1
A*,17,9221,142,142,0.028532028198242188,True,scenario1
RANDOM,17,356,0,0,0.002185344696044922,False,scenario2
BFS,17,9224,142,628,0.015424013137817383,True,scenario2
DFS,17,8610,314,1970,0.021117687225341797,True,scenario2
DLS50,17,770,0,0,0.0013403892517089844,False,scenario2
DLS75,17,843,0,0,0.0013554096221923828,False,scenario2
DLS100,17,1450,0,0,0.0030624866485595703,False,scenario2
UCS,17,9094,142,628,0.029474258422851562,True,scenario2
A*,17,4397,142,628,0.014808177947998047,True,scenario2
RANDOM,18,233,569,569,0.0009627342224121094,True,scenario1
BFS,18,1392,29,29,0.0019800662994384766,True,scenario1
DFS,18,3646,37,37,0.0070497989654541016,True,scenario1
DLS50,18,1069,0,0,0.0020148754119873047,False,scenario1
DLS75,18,2481,0,0,0.004129886627197266,False,scenario1
DLS100,18,3777,29,29,0.006752967834472656,True,scenario1
UCS,18,1398,29,29,0.0033981800079345703,True,scenario1
A*,18,1398,29,29,0.003341197967529297,True,scenario1
RANDOM,18,391,0,0,0.0016567707061767578,False,scenario2
BFS,18,1392,29,182,0.0019054412841796875,True,scenario2
DFS,18,3646,37,244,0.007008552551269531,True,scenario2
DLS50,18,1069,0,0,0.0016398429870605469,False,scenario2
DLS75,18,2481,0,0,0.00406336784362793,False,scenario2
DLS100,18,3777,29,182,0.00660252571105957,True,scenario2
UCS,18,2817,29,182,0.00738525390625,True,scenario2
A*,18,197,29,182,0.0005776882171630859,True,scenario2
RANDOM,19,237,0,0,0.0016851425170898438,False,scenario1
BFS,19,1669,38,38,0.002296924591064453,True,scenario1
DFS,19,9007,100,100,0.02205824851989746,True,scenario1
DLS50,19,486,0,0,0.0009565353393554688,False,scenario1
DLS75,19,653,0,0,0.0010645389556884766,False,scenario1
DLS100,19,858,0,0,0.0014235973358154297,False,scenario1
UCS,19,1690,38,38,0.004706382751464844,True,scenario1
A*,19,1690,38,38,0.004049777984619141,True,scenario1
RANDOM,19,273,0,0,0.0016460418701171875,False,scenario2
BFS,19,1669,38,308,0.002260446548461914,True,scenario2
DFS,19,9007,100,766,0.022768497467041016,True,scenario2
DLS50,19,486,0,0,0.0008351802825927734,False,scenario2
DLS75,19,653,0,0,0.0011663436889648438,False,scenario2
DLS100,19,858,0,0,0.0014684200286865234,False,scenario2
UCS,19,4865,38,308,0.0145416259765625,True,scenario2
A*,19,255,38,308,0.0007193088531494141,True,scenario2
RANDOM,20,213,0,0,0.001622915267944336,False,scenario1
BFS,20,2628,56,56,0.00370025634765625,True,scenario1
DFS,20,3214,148,148,0.006067514419555664,True,scenario1
DLS50,20,554,0,0,0.0008792877197265625,False,scenario1
DLS75,20,806,0,0,0.001306295394897461,False,scenario1
DLS100,20,940,0,0,0.0018477439880371094,False,scenario1
UCS,20,2668,56,56,0.006515026092529297,True,scenario1
A*,20,2668,56,56,0.006841897964477539,True,scenario1
RANDOM,20,256,0,0,0.0017364025115966797,False,scenario2
BFS,20,2628,56,524,0.0037713050842285156,True,scenario2
DFS,20,3214,148,814,0.0061419010162353516,True,scenario2
DLS50,20,554,0,0,0.0008680820465087891,False,scenario2
DLS75,20,806,0,0,0.0012459754943847656,False,scenario2
DLS100,20,940,0,0,0.0014698505401611328,False,scenario2
UCS,20,4629,56,524,0.012270927429199219,True,scenario2
A*,20,212,56,524,0.0005948543548583984,True,scenario2
RANDOM,21,284,0,0,0.001562356948852539,False,scenario1
BFS,21,2340,40,40,0.0031135082244873047,True,scenario1
DFS,21,3879,224,224,0.00732874870300293,True,scenario1
DLS50,21,1016,0,0,0.0015072822570800781,False,scenario1
DLS75,21,1252,0,0,0.001917123794555664,False,scenario1
DLS100,21,1477,0,0,0.002336263656616211,False,scenario1
UCS,21,2376,40,40,0.006493568420410156,True,scenario1
A*,21,2376,40,40,0.005517244338989258,True,scenario1
RANDOM,21,280,0,0,0.0015866756439208984,False,scenario2
BFS,21,2340,40,355,0.003077268600463867,True,scenario2
DFS,21,3879,224,1295,0.0070972442626953125,True,scenario2
DLS50,21,1016,0,0,0.0015306472778320312,False,scenario2
DLS75,21,1252,0,0,0.0019099712371826172,False,scenario2
DLS100,21,1477,0,0,0.002292633056640625,False,scenario2
UCS,21,4385,40,355,0.01183629035949707,True,scenario2
A*,21,147,40,355,0.000469207763671875,True,scenario2
RANDOM,22,362,0,0,0.001798868179321289,False,scenario1
BFS,22,9174,143,143,0.013487815856933594,True,scenario1
DFS,22,7547,205,205,0.01765155792236328,True,scenario1
DLS50,22,446,0,0,0.0008499622344970703,False,scenario1
DLS75,22,545,0,0,0.001016855239868164,False,scenario1
DLS100,22,917,0,0,0.0016603469848632812,False,scenario1
UCS,22,9174,143,143,0.026206016540527344,True,scenario1
A*,22,9174,143,143,0.026972532272338867,True,scenario1
RANDOM,22,289,0,0,0.001768350601196289,False,scenario2
BFS,22,9174,143,593,0.013758420944213867,True,scenario2
DFS,22,7547,205,1141,0.016382217407226562,True,scenario2
DLS50,22,446,0,0,0.0007615089416503906,False,scenario2
DLS75,22,545,0,0,0.0008475780487060547,False,scenario2
DLS100,22,917,0,0,0.0014438629150390625,False,scenario2
UCS,22,9130,143,593,0.02780604362487793,True,scenario2
A*,22,3949,143,593,0.012947797775268555,True,scenario2
RANDOM,23,344,0,0,0.0015904903411865234,False,scenario1
BFS,23,6687,96,96,0.009894371032714844,True,scenario1
DFS,23,1148,152,152,0.002092599868774414,True,scenario1
DLS50,23,377,0,0,0.0005712509155273438,False,scenario1
DLS75,23,554,0,0,0.0009109973907470703,False,scenario1
DLS100,23,629,0,0,0.0010142326354980469,False,scenario1
UCS,23,6754,96,96,0.019415616989135742,True,scenario1
A*,23,6754,96,96,0.021103620529174805,True,scenario1
RANDOM,23,371,0,0,0.0017082691192626953,False,scenario2
BFS,23,6687,96,834,0.011164665222167969,True,scenario2
DFS,23,1148,152,1124,0.0024805068969726562,True,scenario2
DLS50,23,377,0,0,0.0006594657897949219,False,scenario2
DLS75,23,554,0,0,0.0010197162628173828,False,scenario2
DLS100,23,629,0,0,0.0011725425720214844,False,scenario2
UCS,23,8582,96,834,0.028322696685791016,True,scenario2
A*,23,1008,96,834,0.002828359603881836,True,scenario2
RANDOM,24,340,0,0,0.002192974090576172,False,scenario1
BFS,24,2106,49,49,0.0030527114868164062,True,scenario1
DFS,24,5141,415,415,0.015157938003540039,True,scenario1
DLS50,24,693,0,0,0.001276254653930664,False,scenario1
DLS75,24,1806,0,0,0.003603219985961914,False,scenario1
DLS100,24,2444,0,0,0.0047664642333984375,False,scenario1
UCS,24,2107,49,49,0.005690574645996094,True,scenario1
A*,24,2107,49,49,0.005454063415527344,True,scenario1
RANDOM,24,155,0,0,0.0018954277038574219,False,scenario2
BFS,24,2106,49,94,0.0032231807708740234,True,scenario2
DFS,24,5141,415,2674,0.01473689079284668,True,scenario2
DLS50,24,693,0,0,0.0013206005096435547,False,scenario2
DLS75,24,1806,0,0,0.003774404525756836,False,scenario2
DLS100,24,2444,0,0,0.0047092437744140625,False,scenario2
UCS,24,563,49,94,0.001546621322631836,True,scenario2
A*,24,141,49,94,0.0004246234893798828,True,scenario2
RANDOM,25,253,0,0,0.0019385814666748047,False,scenario1
BFS,25,3259,69,69,0.005150794982910156,True,scenario1
DFS,25,5849,369,369,0.017461538314819336,True,scenario1
DLS50,25,1081,0,0,0.0019681453704833984,False,scenario1
DLS75,25,2273,0,0,0.004209041595458984,False,scenario1
DLS100,25,623,89,89,0.0009458065032958984,True,scenario1
UCS,25,3266,69,69,0.008668661117553711,True,scenario1
A*,25,3266,69,69,0.008036375045776367,True,scenario1
RANDOM,25,229,0,0,0.001678466796875,False,scenario2
BFS,25,3259,69,510,0.004737377166748047,True,scenario2
DFS,25,5849,369,2196,0.014196157455444336,True,scenario2
DLS50,25,1081,0,0,0.001953125,False,scenario2
DLS75,25,2273,0,0,0.004191398620605469,False,scenario2
DLS100,25,623,89,710,0.0009248256683349609,True,scenario2
UCS,25,5267,69,510,0.01726841926574707,True,scenario2
A*,25,877,69,510,0.0027472972869873047,True,scenario2
RANDOM,26,357,0,0,0.0016632080078125,False,scenario1
BFS,26,8702,118,118,0.01381373405456543,True,scenario1
DFS,26,309,194,194,0.0005693435668945312,True,scenario1
DLS50,26,1260,0,0,0.0019452571868896484,False,scenario1
DLS75,26,2562,0,0,0.004126071929931641,False,scenario1
DLS100,26,3313,0,0,0.005487680435180664,False,scenario1
UCS,26,8702,118,118,0.024741649627685547,True,scenario1
A*,26,8702,118,118,0.026750802993774414,True,scenario1
RANDOM,26,264,0,0,0.001741647720336914,False,scenario2
BFS,26,8702,118,496,0.013854742050170898,True,scenario2
DFS,26,309,194,1238,0.0006144046783447266,True,scenario2
DLS50,26,1260,0,0,0.0019021034240722656,False,scenario2
DLS75,26,2562,0,0,0.00406193733215332,False,scenario2
DLS100,26,3313,0,0,0.005578756332397461,False,scenario2
UCS,26,6641,118,496,0.020017147064208984,True,scenario2
A*,26,2871,118,496,0.009389162063598633,True,scenario2
RANDOM,27,263,0,0,0.0016944408416748047,False,scenario1
BFS,27,5554,73,73,0.00793147087097168,True,scenario1
DFS,27,7038,353,353,0.015869140625,True,scenario1
DLS50,27,947,0,0,0.0017747879028320312,False,scenario1
DLS75,27,1337,0,0,0.0023720264434814453,False,scenario1
DLS100,27,1864,0,0,0.0033216476440429688,False,scenario1
UCS,27,5535,73,73,0.01697516441345215,True,scenario1
A*,27,5535,73,73,0.01743173599243164,True,scenario1
RANDOM,27,366,0,0,0.0017092227935791016,False,scenario2
BFS,27,5554,73,145,0.008878469467163086,True,scenario2
DFS,27,7038,353,2477,0.015813112258911133,True,scenario2
DLS50,27,947,0,0,0.002717733383178711,False,scenario2
DLS75,27,1337,0,0,0.004082441329956055,False,scenario2
DLS100,27,1864,0,0,0.005745410919189453,False,scenario2
UCS,27,1900,73,145,0.007405996322631836,True,scenario2
A*,27,245,73,145,0.0006630420684814453,True,scenario2
RANDOM,28,306,0,0,0.0015625953674316406,False,scenario1
BFS,28,1064,27,27,0.001832723617553711,True,scenario1
DFS,28,7850,413,413,0.021349668502807617,True,scenario1
DLS50,28,944,0,0,0.0018453598022460938,False,scenario1
DLS75,28,1050,0,0,0.001861572265625,False,scenario1
DLS100,28,2388,0,0,0.0045452117919921875,False,scenario1
UCS,28,1046,27,27,0.0024383068084716797,True,scenario1
A*,28,1046,27,27,0.002428293228149414,True,scenario1
RANDOM,28,405,0,0,0.0017032623291015625,False,scenario2
BFS,28,1064,27,171,0.0014357566833496094,True,scenario2
DFS,28,7850,413,2375,0.01862049102783203,True,scenario2
DLS50,28,944,0,0,0.0016527175903320312,False,scenario2
DLS75,28,1050,0,0,0.0016443729400634766,False,scenario2
DLS100,28,2388,0,0,0.0044689178466796875,False,scenario2
UCS,28,2441,27,171,0.0067996978759765625,True,scenario2
A*,28,188,27,171,0.0005097389221191406,True,scenario2
RANDOM,29,325,0,0,0.001611948013305664,False,scenario1
BFS,29,1607,53,53,0.0021724700927734375,True,scenario1
DFS,29,3055,171,171,0.00611567497253418,True,scenario1
DLS50,29,185,0,0,0.0003018379211425781,False,scenario1
DLS75,29,283,0,0,0.0004305839538574219,False,scenario1
DLS100,29,445,0,0,0.0007045269012451172,False,scenario1
UCS,29,1562,53,53,0.0034296512603759766,True,scenario1
A*,29,1562,53,53,0.003480195999145508,True,scenario1
RANDOM,29,235,0,0,0.0015552043914794922,False,scenario2
BFS,29,1607,53,107,0.0020751953125,True,scenario2
DFS,29,3055,171,1125,0.005501508712768555,True,scenario2
DLS50,29,185,0,0,0.0002827644348144531,False,scenario2
DLS75,29,283,0,0,0.00042510032653808594,False,scenario2
DLS100,29,445,0,0,0.0006937980651855469,False,scenario2
UCS,29,633,53,107,0.0015227794647216797,True,scenario2
A*,29,192,53,107,0.0004780292510986328,True,scenario2
RANDOM,30,358,0,0,0.0015506744384765625,False,scenario1
BFS,30,3717,47,47,0.0051310062408447266,True,scenario1
DFS,30,7896,119,119,0.017570018768310547,True,scenario1
DLS50,30,1445,0,0,0.0026197433471679688,False,scenario1
DLS75,30,2566,0,0,0.00401616096496582,False,scenario1
DLS100,30,3112,0,0,0.005340576171875,False,scenario1
UCS,30,3712,47,47,0.0093231201171875,True,scenario1
A*,30,3712,47,47,0.009089231491088867,True,scenario1
RANDOM,30,402,0,0,0.0016744136810302734,False,scenario2
BFS,30,3717,47,119,0.005077362060546875,True,scenario2
DFS,30,7896,119,785,0.016943693161010742,True,scenario2
DLS50,30,1445,0,0,0.002668619155883789,False,scenario2
DLS75,30,2566,0,0,0.00406646728515625,False,scenario2
DLS100,30,3112,0,0,0.0054285526275634766,False,scenario2
UCS,30,1739,47,119,0.004317760467529297,True,scenario2
A*,30,218,47,119,0.0006015300750732422,True,scenario2
