algorithm_name,env_n,size,best_solution,H,states,time
random,0,4,"[1, 3, 0, 2]",0,429,0.0013737678527832031
random,1,4,"[2, 0, 3, 1]",0,95,0.00030922889709472656
random,2,4,"[2, 0, 3, 1]",0,371,0.0011053085327148438
random,3,4,"[1, 3, 0, 2]",0,616,0.0018367767333984375
random,4,4,"[2, 0, 3, 1]",0,1,5.4836273193359375e-06
random,5,4,"[1, 3, 0, 2]",0,7,2.4318695068359375e-05
random,6,4,"[2, 0, 3, 1]",0,79,0.00024008750915527344
random,7,4,"[1, 3, 0, 2]",0,149,0.0004456043243408203
random,8,4,"[1, 3, 0, 2]",0,40,0.00012063980102539062
random,9,4,"[1, 3, 0, 2]",0,443,0.0013203620910644531
random,10,4,"[1, 3, 0, 2]",0,117,0.00034689903259277344
random,11,4,"[2, 0, 3, 1]",0,68,0.000209808349609375
random,12,4,"[2, 0, 3, 1]",0,62,0.00018334388732910156
random,13,4,"[1, 3, 0, 2]",0,136,0.00040268898010253906
random,14,4,"[1, 3, 0, 2]",0,4,1.4066696166992188e-05
random,15,4,"[1, 3, 0, 2]",0,75,0.0002219676971435547
random,16,4,"[1, 3, 0, 2]",0,65,0.00020122528076171875
random,17,4,"[2, 0, 3, 1]",0,249,0.0007419586181640625
random,18,4,"[1, 3, 0, 2]",0,267,0.0007963180541992188
random,19,4,"[2, 0, 3, 1]",0,49,0.00014591217041015625
random,20,4,"[2, 0, 3, 1]",0,1,5.4836273193359375e-06
random,21,4,"[2, 0, 3, 1]",0,46,0.00014281272888183594
random,22,4,"[2, 0, 3, 1]",0,172,0.0005578994750976562
random,23,4,"[1, 3, 0, 2]",0,1,7.152557373046875e-06
random,24,4,"[1, 3, 0, 2]",0,36,0.00011086463928222656
random,25,4,"[1, 3, 0, 2]",0,158,0.00048732757568359375
random,26,4,"[2, 0, 3, 1]",0,68,0.00020360946655273438
random,27,4,"[2, 0, 3, 1]",0,258,0.0007724761962890625
random,28,4,"[1, 3, 0, 2]",0,84,0.0002522468566894531
random,29,4,"[2, 0, 3, 1]",0,47,0.00014257431030273438
HC,0,4,"[2, 0, 1, 3]",1,13,3.4809112548828125e-05
HC,1,4,"[3, 0, 2, 1]",1,13,3.0040740966796875e-05
HC,2,4,"[2, 1, 3, 0]",1,37,7.843971252441406e-05
HC,3,4,"[3, 0, 2, 1]",1,13,2.8133392333984375e-05
HC,4,4,"[2, 0, 3, 1]",0,1,4.76837158203125e-06
HC,5,4,"[0, 1, 3, 2]",2,13,2.7894973754882812e-05
HC,6,4,"[0, 3, 1, 2]",1,49,0.0001995563507080078
HC,7,4,"[3, 1, 0, 2]",1,13,3.123283386230469e-05
HC,8,4,"[0, 2, 3, 1]",1,13,2.9802322387695312e-05
HC,9,4,"[1, 0, 2, 3]",2,37,8.249282836914062e-05
HC,10,4,"[0, 3, 1, 2]",1,49,0.00010132789611816406
HC,11,4,"[1, 0, 2, 3]",2,37,7.700920104980469e-05
HC,12,4,"[0, 2, 1, 3]",2,13,2.9087066650390625e-05
HC,13,4,"[3, 1, 0, 2]",1,37,7.700920104980469e-05
HC,14,4,"[1, 3, 2, 0]",1,13,2.9802322387695312e-05
HC,15,4,"[3, 2, 0, 1]",2,13,2.8848648071289062e-05
HC,16,4,"[0, 3, 1, 2]",1,13,2.8371810913085938e-05
HC,17,4,"[0, 2, 1, 3]",2,13,2.86102294921875e-05
HC,18,4,"[1, 3, 0, 2]",0,37,7.677078247070312e-05
HC,19,4,"[1, 3, 2, 0]",1,13,2.9802322387695312e-05
HC,20,4,"[2, 0, 3, 1]",0,1,5.7220458984375e-06
HC,21,4,"[0, 2, 3, 1]",1,13,2.8848648071289062e-05
HC,22,4,"[3, 2, 0, 1]",2,13,2.86102294921875e-05
HC,23,4,"[1, 3, 0, 2]",0,1,5.0067901611328125e-06
HC,24,4,"[1, 0, 2, 3]",2,13,2.8371810913085938e-05
HC,25,4,"[1, 2, 0, 3]",1,13,2.8371810913085938e-05
HC,26,4,"[3, 0, 2, 1]",1,13,2.86102294921875e-05
HC,27,4,"[1, 0, 2, 3]",2,37,7.62939453125e-05
HC,28,4,"[1, 3, 2, 0]",1,13,2.9087066650390625e-05
HC,29,4,"[0, 3, 1, 2]",1,49,0.00010013580322265625
SA,0,4,"[1, 3, 0, 2]",0,21,8.678436279296875e-05
SA,1,4,"[2, 0, 3, 1]",0,30,0.00010204315185546875
SA,2,4,"[2, 0, 3, 1]",0,85,0.00027942657470703125
SA,3,4,"[2, 0, 3, 1]",0,10,3.457069396972656e-05
SA,4,4,"[2, 0, 3, 1]",0,1,5.0067901611328125e-06
SA,5,4,"[1, 3, 0, 2]",0,119,0.00037932395935058594
SA,6,4,"[1, 3, 0, 2]",0,9,3.218650817871094e-05
SA,7,4,"[1, 3, 0, 2]",0,17,5.5789947509765625e-05
SA,8,4,"[1, 3, 0, 2]",0,71,0.00023126602172851562
SA,9,4,"[1, 3, 0, 2]",0,162,0.0005245208740234375
SA,10,4,"[2, 0, 3, 1]",0,43,0.0001418590545654297
SA,11,4,"[2, 0, 3, 1]",0,130,0.00041985511779785156
SA,12,4,"[2, 0, 3, 1]",0,162,0.0005273818969726562
SA,13,4,"[1, 3, 0, 2]",0,26,8.630752563476562e-05
SA,14,4,"[2, 0, 3, 1]",0,17,0.0002009868621826172
SA,15,4,"[1, 3, 0, 2]",0,48,0.000156402587890625
SA,16,4,"[1, 3, 0, 2]",0,44,0.00014472007751464844
SA,17,4,"[1, 3, 0, 2]",0,26,8.630752563476562e-05
SA,18,4,"[2, 0, 3, 1]",0,28,9.250640869140625e-05
SA,19,4,"[2, 0, 3, 1]",0,45,0.00014591217041015625
SA,20,4,"[2, 0, 3, 1]",0,1,5.4836273193359375e-06
SA,21,4,"[2, 0, 3, 1]",0,5,1.8358230590820312e-05
SA,22,4,"[1, 3, 0, 2]",0,6,2.1457672119140625e-05
SA,23,4,"[1, 3, 0, 2]",0,1,5.245208740234375e-06
SA,24,4,"[1, 3, 0, 2]",0,226,0.0007355213165283203
SA,25,4,"[2, 0, 3, 1]",0,157,0.0005087852478027344
SA,26,4,"[2, 0, 3, 1]",0,59,0.00019693374633789062
SA,27,4,"[2, 0, 3, 1]",0,168,0.0005407333374023438
SA,28,4,"[1, 3, 0, 2]",0,15,5.14984130859375e-05
SA,29,4,"[2, 0, 3, 1]",0,140,0.00045180320739746094
GA,0,4,"[2, 0, 3, 1]",0,120,0.0004725456237792969
GA,1,4,"[2, 0, 3, 1]",0,120,0.00046062469482421875
GA,2,4,"[1, 3, 0, 2]",0,120,0.00045299530029296875
GA,3,4,"[2, 0, 3, 1]",0,120,0.00045871734619140625
GA,4,4,"[2, 0, 3, 1]",0,120,0.0004527568817138672
GA,5,4,"[1, 3, 0, 2]",0,120,0.00045752525329589844
GA,6,4,"[1, 3, 0, 2]",0,120,0.0004532337188720703
GA,7,4,"[1, 3, 0, 2]",0,120,0.0004520416259765625
GA,8,4,"[2, 0, 3, 1]",0,120,0.0004515647888183594
GA,9,4,"[1, 3, 0, 2]",0,120,0.0004546642303466797
GA,10,4,"[1, 3, 0, 2]",0,120,0.0004570484161376953
GA,11,4,"[1, 3, 0, 2]",0,120,0.0004508495330810547
GA,12,4,"[2, 0, 3, 1]",0,120,0.000453948974609375
GA,13,4,"[1, 3, 0, 2]",0,120,0.00044918060302734375
GA,14,4,"[1, 3, 0, 2]",0,120,0.00045990943908691406
GA,15,4,"[1, 3, 0, 2]",0,120,0.00045180320739746094
GA,16,4,"[1, 3, 0, 2]",0,120,0.0004703998565673828
GA,17,4,"[2, 0, 3, 1]",0,120,0.0004515647888183594
GA,18,4,"[1, 3, 0, 2]",0,120,0.0005321502685546875
GA,19,4,"[2, 0, 3, 1]",0,120,0.0004506111145019531
GA,20,4,"[2, 0, 3, 1]",0,120,0.00045990943908691406
GA,21,4,"[1, 3, 0, 2]",0,120,0.0004525184631347656
GA,22,4,"[1, 3, 0, 2]",0,120,0.00045371055603027344
GA,23,4,"[1, 3, 0, 2]",0,120,0.00045013427734375
GA,24,4,"[1, 3, 0, 2]",0,120,0.0004558563232421875
GA,25,4,"[1, 3, 0, 2]",0,120,0.0004496574401855469
GA,26,4,"[2, 0, 3, 1]",0,120,0.00045371055603027344
GA,27,4,"[1, 3, 0, 2]",0,120,0.0004487037658691406
GA,28,4,"[2, 0, 3, 1]",0,120,0.0004470348358154297
GA,29,4,"[2, 0, 3, 1]",0,120,0.00045037269592285156
random,0,8,"[3, 6, 3, 7, 4, 1, 5, 2]",1,20000,0.12375521659851074
random,1,8,"[0, 6, 1, 5, 7, 1, 4, 2]",1,20000,0.11780357360839844
random,2,8,"[2, 5, 3, 0, 7, 4, 4, 1]",1,20000,0.12682843208312988
random,3,8,"[2, 5, 7, 2, 0, 6, 4, 1]",1,20000,0.11312723159790039
random,4,8,"[7, 1, 3, 0, 6, 4, 2, 5]",0,18733,0.10545730590820312
random,5,8,"[3, 5, 7, 2, 0, 6, 6, 0]",2,20000,0.11090779304504395
random,6,8,"[3, 1, 4, 7, 0, 3, 5, 2]",1,20000,0.1104433536529541
random,7,8,"[6, 0, 2, 5, 1, 4, 7, 3]",1,20000,0.10988402366638184
random,8,8,"[2, 4, 6, 1, 3, 5, 0, 4]",1,20000,0.10766124725341797
random,9,8,"[7, 4, 1, 3, 6, 0, 2, 5]",1,20000,0.1063847541809082
random,10,8,"[4, 1, 7, 0, 2, 0, 5, 3]",1,20000,0.10622262954711914
random,11,8,"[3, 1, 4, 7, 1, 6, 2, 5]",1,20000,0.10628318786621094
random,12,8,"[3, 5, 7, 2, 0, 2, 6, 1]",1,20000,0.11191654205322266
random,13,8,"[4, 6, 0, 2, 7, 5, 3, 1]",0,3533,0.01895761489868164
random,14,8,"[2, 5, 3, 1, 7, 4, 6, 0]",0,9945,0.05535888671875
random,15,8,"[5, 3, 1, 7, 4, 6, 0, 2]",0,13650,0.07328128814697266
random,16,8,"[2, 0, 6, 4, 7, 1, 0, 5]",2,20000,0.10649394989013672
random,17,8,"[4, 7, 5, 2, 6, 1, 3, 0]",1,20000,0.1114051342010498
random,18,8,"[4, 7, 3, 0, 7, 5, 1, 6]",1,20000,0.1071014404296875
random,19,8,"[2, 6, 1, 7, 0, 3, 6, 4]",1,20000,0.10727715492248535
random,20,8,"[5, 2, 6, 1, 3, 5, 0, 4]",1,20000,0.10810351371765137
random,21,8,"[4, 7, 0, 3, 6, 2, 5, 2]",1,20000,0.1065516471862793
random,22,8,"[6, 2, 5, 1, 4, 0, 5, 3]",1,20000,0.10692214965820312
random,23,8,"[2, 7, 5, 1, 3, 0, 6, 4]",1,20000,0.10689568519592285
random,24,8,"[5, 3, 1, 7, 4, 6, 0, 2]",0,18434,0.09861397743225098
random,25,8,"[2, 2, 7, 1, 3, 0, 6, 4]",1,20000,0.10926151275634766
random,26,8,"[7, 0, 5, 3, 1, 6, 4, 2]",1,20000,0.10734295845031738
random,27,8,"[5, 7, 1, 4, 0, 3, 6, 2]",1,20000,0.1065220832824707
random,28,8,"[0, 4, 6, 1, 2, 7, 5, 3]",1,20000,0.11002278327941895
random,29,8,"[1, 6, 0, 3, 5, 7, 2, 4]",1,20000,0.1075897216796875
HC,0,8,"[6, 1, 5, 2, 0, 3, 7, 4]",0,169,0.0008473396301269531
HC,1,8,"[0, 6, 3, 5, 7, 1, 4, 2]",0,169,0.0007781982421875
HC,2,8,"[5, 0, 4, 1, 4, 6, 3, 0]",2,225,0.0011525154113769531
HC,3,8,"[0, 5, 7, 2, 1, 6, 4, 3]",2,57,0.0002646446228027344
HC,4,8,"[1, 5, 0, 4, 7, 0, 6, 3]",2,225,0.0010216236114501953
HC,5,8,"[6, 3, 0, 4, 7, 2, 5, 1]",2,225,0.0010294914245605469
HC,6,8,"[5, 0, 6, 4, 2, 7, 3, 1]",1,225,0.0010237693786621094
HC,7,8,"[6, 0, 2, 4, 7, 3, 1, 5]",2,169,0.0007622241973876953
HC,8,8,"[5, 0, 6, 4, 1, 7, 0, 3]",2,113,0.0005171298980712891
HC,9,8,"[3, 0, 6, 1, 5, 2, 4, 7]",1,225,0.0010213851928710938
HC,10,8,"[2, 0, 5, 7, 4, 6, 3, 1]",1,169,0.0007660388946533203
HC,11,8,"[1, 4, 0, 5, 3, 1, 6, 2]",1,281,0.0012700557708740234
HC,12,8,"[4, 0, 0, 6, 1, 5, 2, 7]",2,225,0.001035928726196289
HC,13,8,"[3, 6, 0, 7, 1, 5, 2, 4]",2,169,0.0007688999176025391
HC,14,8,"[0, 2, 3, 7, 6, 1, 5, 1]",3,169,0.00079345703125
HC,15,8,"[7, 2, 5, 1, 6, 4, 0, 3]",2,57,0.0002639293670654297
HC,16,8,"[5, 1, 1, 7, 2, 6, 3, 0]",1,225,0.0010216236114501953
HC,17,8,"[3, 1, 4, 5, 0, 2, 7, 6]",2,225,0.0010333061218261719
HC,18,8,"[1, 4, 6, 0, 3, 5, 0, 2]",1,113,0.0006270408630371094
HC,19,8,"[5, 2, 4, 1, 7, 4, 6, 0]",1,113,0.0005223751068115234
HC,20,8,"[1, 4, 6, 3, 0, 5, 7, 2]",2,225,0.0010828971862792969
HC,21,8,"[4, 7, 1, 4, 6, 5, 0, 2]",2,225,0.0010313987731933594
HC,22,8,"[1, 7, 5, 3, 0, 6, 4, 2]",1,281,0.0012664794921875
HC,23,8,"[7, 3, 1, 7, 5, 0, 6, 4]",1,113,0.0005230903625488281
HC,24,8,"[3, 5, 2, 5, 1, 4, 7, 0]",1,225,0.001024007797241211
HC,25,8,"[5, 4, 0, 3, 6, 2, 7, 1]",1,393,0.0018205642700195312
HC,26,8,"[2, 6, 2, 0, 7, 1, 5, 3]",3,113,0.0005159378051757812
HC,27,8,"[3, 4, 0, 1, 6, 2, 5, 7]",2,57,0.00026679039001464844
HC,28,8,"[4, 2, 0, 6, 1, 7, 5, 3]",0,169,0.000762939453125
HC,29,8,"[3, 6, 0, 7, 5, 4, 2, 1]",2,225,0.0010099411010742188
SA,0,8,"[6, 2, 0, 5, 7, 4, 1, 3]",0,431,0.002432584762573242
SA,1,8,"[7, 3, 1, 6, 2, 5, 7, 4]",1,1839,0.01028299331665039
SA,2,8,"[6, 3, 1, 7, 5, 0, 2, 4]",0,542,0.0029833316802978516
SA,3,8,"[1, 4, 6, 0, 2, 7, 5, 3]",0,494,0.002758026123046875
SA,4,8,"[1, 5, 0, 6, 3, 7, 2, 4]",0,1340,0.007508754730224609
SA,5,8,"[1, 4, 6, 0, 2, 7, 5, 3]",0,537,0.0029811859130859375
SA,6,8,"[3, 1, 7, 4, 6, 0, 2, 5]",0,409,0.0022640228271484375
SA,7,8,"[3, 7, 0, 4, 6, 1, 5, 2]",0,1420,0.007883071899414062
SA,8,8,"[2, 0, 6, 4, 7, 1, 3, 5]",0,522,0.003037691116333008
SA,9,8,"[4, 6, 1, 5, 2, 0, 7, 3]",0,187,0.0010342597961425781
SA,10,8,"[4, 6, 3, 0, 2, 7, 5, 1]",0,591,0.003484010696411133
SA,11,8,"[2, 6, 1, 7, 4, 0, 3, 5]",0,223,0.001237630844116211
SA,12,8,"[1, 4, 6, 3, 0, 7, 5, 2]",0,502,0.00278472900390625
SA,13,8,"[1, 5, 0, 6, 3, 7, 2, 4]",0,845,0.004697084426879883
SA,14,8,"[7, 1, 4, 2, 0, 6, 3, 5]",0,596,0.0033173561096191406
SA,15,8,"[5, 0, 4, 1, 7, 2, 6, 3]",0,276,0.0015711784362792969
SA,16,8,"[2, 4, 7, 3, 0, 6, 1, 5]",0,577,0.003171682357788086
SA,17,8,"[1, 4, 6, 3, 0, 7, 5, 2]",0,408,0.0022444725036621094
SA,18,8,"[2, 5, 7, 1, 3, 0, 6, 4]",0,599,0.0033254623413085938
SA,19,8,"[3, 5, 7, 2, 0, 6, 4, 1]",0,351,0.0019288063049316406
SA,20,8,"[6, 1, 3, 0, 7, 4, 2, 5]",0,394,0.002164125442504883
SA,21,8,"[4, 1, 5, 0, 6, 3, 7, 2]",0,398,0.0021843910217285156
SA,22,8,"[3, 6, 2, 7, 1, 4, 0, 5]",0,867,0.0048465728759765625
SA,23,8,"[3, 1, 6, 2, 5, 7, 0, 4]",0,774,0.0042688846588134766
SA,24,8,"[4, 2, 0, 6, 3, 5, 7, 1]",1,1839,0.0104522705078125
SA,25,8,"[3, 1, 6, 4, 0, 7, 5, 2]",0,403,0.0022444725036621094
SA,26,8,"[5, 3, 6, 0, 7, 1, 4, 2]",0,530,0.002928495407104492
SA,27,8,"[3, 0, 4, 1, 5, 2, 6, 1]",1,1839,0.010290384292602539
SA,28,8,"[4, 6, 0, 3, 1, 7, 5, 2]",0,608,0.003373384475708008
SA,29,8,"[0, 6, 3, 5, 7, 1, 4, 2]",0,257,0.0014140605926513672
GA,0,8,"[4, 7, 3, 0, 6, 1, 5, 2]",0,720,0.007920980453491211
GA,1,8,"[1, 7, 5, 0, 2, 4, 6, 3]",0,480,0.005209922790527344
GA,2,8,"[5, 1, 6, 0, 3, 7, 4, 2]",0,960,0.010387182235717773
GA,3,8,"[2, 6, 1, 7, 5, 3, 0, 4]",0,120,0.0008528232574462891
GA,4,8,"[4, 6, 1, 3, 7, 0, 2, 5]",0,960,0.010643959045410156
GA,5,8,"[5, 3, 6, 0, 2, 4, 1, 7]",0,120,0.0008499622344970703
GA,6,8,"[3, 7, 0, 4, 6, 1, 5, 2]",0,120,0.0008490085601806641
GA,7,8,"[5, 7, 1, 3, 0, 6, 4, 2]",0,600,0.006371974945068359
GA,8,8,"[2, 4, 7, 3, 0, 6, 1, 5]",0,15000,0.16809415817260742
GA,9,8,"[6, 2, 7, 1, 4, 0, 5, 3]",0,600,0.006607770919799805
GA,10,8,"[6, 1, 5, 2, 0, 3, 7, 4]",0,480,0.004986286163330078
GA,11,8,"[3, 1, 4, 7, 5, 0, 2, 6]",0,1320,0.014771461486816406
GA,12,8,"[2, 5, 7, 0, 4, 6, 1, 3]",0,120,0.0008535385131835938
GA,13,8,"[0, 6, 4, 7, 1, 3, 5, 2]",0,360,0.003586292266845703
GA,14,8,"[4, 1, 3, 5, 7, 2, 0, 6]",0,360,0.0036513805389404297
GA,15,8,"[5, 3, 6, 0, 7, 1, 4, 2]",0,960,0.010653495788574219
GA,16,8,"[5, 3, 6, 0, 7, 1, 4, 2]",0,1080,0.011930227279663086
GA,17,8,"[2, 5, 7, 0, 4, 6, 1, 3]",0,720,0.00802469253540039
GA,18,8,"[1, 4, 6, 3, 0, 7, 5, 2]",0,240,0.002218484878540039
GA,19,8,"[1, 7, 5, 0, 2, 4, 6, 3]",0,120,0.0008475780487060547
GA,20,8,"[3, 6, 2, 7, 1, 4, 0, 5]",0,720,0.0077724456787109375
GA,21,8,"[5, 1, 6, 0, 2, 4, 7, 3]",0,840,0.009083986282348633
GA,22,8,"[5, 0, 4, 1, 7, 2, 6, 3]",0,240,0.0022706985473632812
GA,23,8,"[5, 2, 6, 1, 3, 7, 0, 4]",0,240,0.002300739288330078
GA,24,8,"[5, 3, 6, 0, 7, 1, 4, 2]",0,240,0.0022144317626953125
GA,25,8,"[3, 5, 7, 2, 0, 6, 4, 1]",0,360,0.003717660903930664
GA,26,8,"[2, 5, 3, 0, 7, 4, 6, 1]",0,1920,0.02147221565246582
GA,27,8,"[3, 1, 7, 5, 0, 2, 4, 6]",0,720,0.007850408554077148
GA,28,8,"[2, 5, 3, 1, 7, 4, 6, 0]",0,1080,0.01181483268737793
GA,29,8,"[5, 2, 0, 7, 3, 1, 6, 4]",0,1320,0.014674186706542969
random,0,10,"[6, 2, 0, 8, 4, 7, 9, 1, 3, 5]",2,20000,0.15470290184020996
random,1,10,"[4, 0, 8, 5, 9, 2, 9, 8, 1, 3]",3,20000,0.15510869026184082
random,2,10,"[8, 5, 2, 6, 1, 7, 4, 0, 3, 5]",1,20000,0.15131163597106934
random,3,10,"[2, 5, 9, 1, 9, 0, 3, 0, 4, 8]",2,20000,0.15349459648132324
random,4,10,"[6, 2, 5, 8, 0, 9, 4, 1, 7, 4]",1,20000,0.15324759483337402
random,5,10,"[7, 0, 2, 7, 1, 6, 9, 5, 0, 4]",2,20000,0.1519312858581543
random,6,10,"[0, 3, 6, 1, 7, 5, 7, 2, 4, 8]",3,20000,0.1511538028717041
random,7,10,"[0, 4, 6, 8, 3, 1, 7, 9, 2, 6]",1,20000,0.1508796215057373
random,8,10,"[2, 7, 5, 0, 8, 1, 4, 8, 3, 9]",1,20000,0.15059185028076172
random,9,10,"[7, 1, 5, 9, 6, 4, 0, 8, 3, 5]",2,20000,0.15141940116882324
random,10,10,"[4, 9, 5, 3, 1, 7, 7, 2, 6, 8]",1,20000,0.15085291862487793
random,11,10,"[3, 8, 6, 9, 0, 6, 1, 4, 2, 7]",2,20000,0.15208101272583008
random,12,10,"[3, 4, 2, 7, 9, 7, 5, 1, 6, 0]",2,20000,0.16174769401550293
random,13,10,"[6, 1, 9, 7, 5, 7, 2, 0, 3, 8]",2,20000,0.15317201614379883
random,14,10,"[4, 8, 4, 2, 7, 5, 7, 0, 9, 6]",3,20000,0.15191316604614258
random,15,10,"[7, 1, 8, 0, 2, 6, 3, 9, 4, 8]",2,20000,0.25301575660705566
random,16,10,"[7, 7, 4, 2, 8, 5, 9, 4, 6, 3]",3,20000,0.15206575393676758
random,17,10,"[4, 2, 9, 5, 2, 8, 0, 3, 1, 6]",2,20000,0.15207481384277344
random,18,10,"[4, 6, 9, 0, 2, 8, 7, 1, 3, 5]",2,20000,0.15285706520080566
random,19,10,"[0, 4, 1, 9, 6, 2, 2, 8, 3, 7]",1,20000,0.2352619171142578
random,20,10,"[7, 1, 4, 0, 8, 3, 9, 2, 9, 5]",1,20000,0.16312909126281738
random,21,10,"[2, 6, 3, 1, 8, 5, 0, 4, 7, 9]",1,20000,0.15172839164733887
random,22,10,"[4, 7, 1, 2, 9, 6, 1, 3, 8, 0]",2,20000,0.1515648365020752
random,23,10,"[2, 5, 3, 9, 7, 8, 1, 0, 6, 6]",3,20000,0.15148568153381348
random,24,10,"[9, 4, 1, 8, 7, 3, 6, 0, 9, 5]",3,20000,0.15129852294921875
random,25,10,"[1, 5, 8, 6, 3, 7, 9, 4, 0, 2]",2,20000,0.15111255645751953
random,26,10,"[0, 3, 5, 2, 8, 6, 3, 1, 9, 7]",2,20000,0.151231050491333
random,27,10,"[4, 5, 8, 4, 1, 7, 9, 6, 3, 0]",2,20000,0.1517350673675537
random,28,10,"[4, 0, 9, 3, 1, 7, 1, 3, 6, 8]",3,20000,0.15153717994689941
random,29,10,"[5, 3, 8, 0, 2, 6, 1, 1, 7, 9]",1,20000,0.15101194381713867
HC,0,10,"[5, 3, 1, 7, 2, 8, 2, 0, 9, 6]",1,631,0.004365682601928711
HC,1,10,"[6, 0, 2, 7, 9, 3, 8, 4, 1, 3]",1,541,0.003696441650390625
HC,2,10,"[5, 9, 0, 3, 3, 7, 2, 8, 1, 4]",1,451,0.0030612945556640625
HC,3,10,"[1, 5, 6, 0, 9, 7, 4, 2, 8, 3]",2,271,0.0018808841705322266
HC,4,10,"[7, 2, 0, 3, 6, 9, 5, 1, 4, 0]",1,361,0.0024313926696777344
HC,5,10,"[2, 3, 1, 6, 8, 0, 7, 0, 4, 9]",3,451,0.0031807422637939453
HC,6,10,"[3, 8, 6, 4, 0, 2, 5, 7, 1, 9]",3,451,0.003089427947998047
HC,7,10,"[8, 3, 1, 4, 7, 0, 9, 6, 2, 5]",2,91,0.0006282329559326172
HC,8,10,"[8, 2, 9, 3, 0, 7, 1, 6, 5, 0]",2,271,0.0018260478973388672
HC,9,10,"[3, 8, 4, 2, 0, 6, 1, 1, 5, 7]",1,361,0.002440214157104492
HC,10,10,"[7, 2, 4, 1, 8, 0, 3, 6, 0, 9]",1,361,0.002468585968017578
HC,11,10,"[5, 2, 6, 1, 7, 4, 0, 9, 8, 1]",2,631,0.004387617111206055
HC,12,10,"[3, 9, 4, 2, 0, 6, 1, 7, 5, 7]",1,541,0.003706693649291992
HC,13,10,"[3, 7, 0, 8, 6, 1, 5, 2, 9, 4]",2,271,0.0018587112426757812
HC,14,10,"[3, 0, 7, 4, 6, 9, 2, 5, 8, 1]",1,451,0.003070831298828125
HC,15,10,"[5, 9, 2, 0, 7, 4, 1, 8, 6, 3]",0,271,0.001859903335571289
HC,16,10,"[6, 3, 0, 9, 1, 5, 2, 8, 7, 4]",2,361,0.002472400665283203
HC,17,10,"[7, 3, 0, 3, 5, 9, 2, 4, 1, 8]",2,361,0.0024695396423339844
HC,18,10,"[2, 0, 6, 1, 5, 8, 9, 7, 4, 2]",2,451,0.003116607666015625
HC,19,10,"[1, 5, 9, 2, 3, 7, 4, 1, 8, 0]",2,271,0.001874685287475586
HC,20,10,"[5, 8, 0, 7, 3, 9, 6, 1, 4, 2]",2,271,0.0018579959869384766
HC,21,10,"[7, 0, 4, 3, 1, 9, 2, 8, 6, 2]",3,361,0.0025482177734375
HC,22,10,"[2, 6, 9, 7, 1, 8, 4, 1, 3, 0]",3,361,0.0027267932891845703
HC,23,10,"[6, 8, 0, 5, 3, 2, 9, 7, 1, 4]",2,541,0.003746509552001953
HC,24,10,"[4, 7, 0, 8, 5, 9, 1, 3, 2, 6]",2,271,0.001840829849243164
HC,25,10,"[6, 1, 1, 8, 5, 2, 9, 3, 0, 4]",1,451,0.0033173561096191406
HC,26,10,"[2, 5, 8, 0, 4, 7, 1, 6, 9, 3]",2,361,0.002487659454345703
HC,27,10,"[3, 6, 2, 2, 5, 9, 0, 8, 4, 7]",2,451,0.003092527389526367
HC,28,10,"[5, 7, 4, 0, 3, 6, 9, 2, 8, 1]",0,361,0.0024492740631103516
HC,29,10,"[4, 9, 7, 0, 2, 6, 1, 5, 0, 8]",2,361,0.002526998519897461
SA,0,10,"[0, 2, 9, 5, 8, 4, 1, 3, 6, 7]",1,1839,0.014514684677124023
SA,1,10,"[7, 4, 1, 8, 2, 9, 6, 3, 5, 0]",0,1002,0.007873296737670898
SA,2,10,"[9, 1, 6, 4, 2, 0, 8, 4, 7, 3]",1,1839,0.014257192611694336
SA,3,10,"[6, 2, 9, 1, 4, 8, 3, 0, 7, 5]",0,587,0.004648685455322266
SA,4,10,"[4, 7, 0, 2, 5, 8, 6, 9, 3, 1]",0,495,0.0040471553802490234
SA,5,10,"[4, 8, 1, 3, 7, 0, 2, 5, 9, 6]",0,1295,0.01018214225769043
SA,6,10,"[7, 2, 4, 8, 0, 5, 9, 6, 1, 3]",0,1221,0.009523153305053711
SA,7,10,"[4, 7, 9, 0, 2, 5, 8, 6, 1, 3]",0,436,0.003402233123779297
SA,8,10,"[4, 6, 9, 0, 2, 5, 7, 1, 4, 8]",1,1839,0.014484167098999023
SA,9,10,"[3, 4, 7, 1, 8, 5, 0, 6, 9, 2]",1,1839,0.014453411102294922
SA,10,10,"[9, 6, 3, 0, 7, 1, 8, 5, 2, 4]",0,397,0.0032052993774414062
SA,11,10,"[2, 4, 6, 9, 3, 5, 0, 8, 1, 7]",0,577,0.004533052444458008
SA,12,10,"[3, 6, 9, 2, 4, 1, 8, 5, 7, 0]",1,1839,0.014706611633300781
SA,13,10,"[9, 4, 0, 8, 3, 1, 7, 9, 2, 6]",1,1839,0.014376401901245117
SA,14,10,"[8, 1, 4, 2, 0, 9, 7, 5, 3, 6]",0,1490,0.011668205261230469
SA,15,10,"[0, 7, 5, 1, 8, 6, 3, 9, 2, 4]",0,1193,0.009389400482177734
SA,16,10,"[4, 7, 1, 3, 9, 6, 8, 5, 2, 0]",0,1219,0.009476184844970703
SA,17,10,"[9, 6, 3, 0, 2, 7, 5, 1, 8, 4]",0,364,0.0028433799743652344
SA,18,10,"[5, 0, 6, 4, 2, 8, 9, 7, 1, 3]",1,1839,0.014442682266235352
SA,19,10,"[8, 3, 7, 6, 1, 9, 5, 0, 2, 4]",1,1839,0.014349222183227539
SA,20,10,"[2, 4, 8, 1, 9, 6, 3, 0, 7, 5]",0,408,0.003164052963256836
SA,21,10,"[8, 3, 0, 4, 7, 9, 6, 2, 5, 1]",0,959,0.007659435272216797
SA,22,10,"[5, 7, 2, 0, 8, 6, 9, 3, 1, 4]",0,547,0.0043070316314697266
SA,23,10,"[5, 3, 6, 9, 2, 4, 7, 0, 8, 1]",0,952,0.007365703582763672
SA,24,10,"[3, 8, 6, 9, 0, 2, 5, 7, 9, 1]",1,1839,0.014328241348266602
SA,25,10,"[5, 9, 6, 1, 3, 8, 0, 7, 4, 2]",0,1637,0.012812137603759766
SA,26,10,"[1, 5, 0, 8, 6, 2, 9, 7, 4, 0]",1,1839,0.014685869216918945
SA,27,10,"[9, 4, 6, 8, 2, 7, 1, 3, 5, 8]",1,1839,0.014730691909790039
SA,28,10,"[0, 5, 7, 4, 1, 8, 2, 9, 6, 3]",0,585,0.004640817642211914
SA,29,10,"[7, 4, 2, 0, 9, 1, 5, 8, 6, 3]",0,1658,0.012938261032104492
GA,0,10,"[9, 1, 3, 7, 2, 8, 5, 0, 4, 6]",0,3240,0.0446317195892334
GA,1,10,"[7, 2, 8, 1, 4, 0, 5, 9, 1, 6]",1,20040,0.26972031593322754
GA,2,10,"[2, 4, 8, 3, 5, 9, 1, 6, 0, 7]",0,360,0.004649162292480469
GA,3,10,"[3, 9, 2, 5, 8, 1, 7, 4, 6, 0]",0,1560,0.02151322364807129
GA,4,10,"[1, 5, 8, 0, 7, 4, 2, 9, 6, 3]",0,5880,0.08021283149719238
GA,5,10,"[6, 1, 9, 5, 0, 8, 4, 2, 7, 3]",0,720,0.011733293533325195
GA,6,10,"[6, 2, 5, 8, 0, 9, 3, 1, 7, 4]",0,3240,0.04488015174865723
GA,7,10,"[2, 7, 9, 3, 8, 0, 4, 6, 1, 5]",0,7680,0.1062934398651123
GA,8,10,"[3, 8, 4, 7, 0, 2, 5, 1, 6, 9]",0,960,0.013005733489990234
GA,9,10,"[5, 1, 9, 6, 8, 2, 0, 3, 7, 4]",0,120,0.0011906623840332031
GA,10,10,"[7, 4, 0, 3, 8, 6, 2, 9, 5, 1]",0,720,0.009634017944335938
GA,11,10,"[1, 5, 7, 9, 3, 0, 2, 4, 8, 6]",1,20040,0.2736959457397461
GA,12,10,"[2, 7, 5, 1, 9, 4, 0, 3, 8, 6]",0,14400,0.19684147834777832
GA,13,10,"[4, 7, 1, 6, 2, 0, 8, 3, 5, 9]",0,1320,0.018097877502441406
GA,14,10,"[9, 7, 4, 1, 3, 0, 6, 8, 5, 2]",0,1200,0.016552448272705078
GA,15,10,"[9, 0, 5, 8, 4, 1, 7, 2, 6, 3]",1,20040,0.27606940269470215
GA,16,10,"[0, 2, 5, 7, 9, 4, 8, 1, 3, 6]",0,480,0.0062923431396484375
GA,17,10,"[9, 6, 3, 0, 2, 8, 5, 7, 4, 1]",0,3000,0.04091763496398926
GA,18,10,"[6, 3, 5, 0, 8, 9, 4, 1, 7, 2]",1,20040,0.2745218276977539
GA,19,10,"[1, 7, 4, 6, 3, 0, 9, 5, 8, 2]",1,20040,0.2855517864227295
GA,20,10,"[4, 2, 0, 8, 6, 1, 9, 7, 5, 3]",0,1440,0.019835710525512695
GA,21,10,"[1, 5, 2, 6, 3, 0, 8, 4, 9, 7]",1,20040,0.2732393741607666
GA,22,10,"[6, 4, 2, 8, 5, 9, 1, 3, 0, 7]",0,2880,0.03907942771911621
GA,23,10,"[0, 3, 8, 6, 1, 9, 2, 5, 7, 4]",0,360,0.004591226577758789
GA,24,10,"[5, 7, 0, 6, 3, 1, 8, 4, 2, 9]",0,6000,0.08107709884643555
GA,25,10,"[4, 7, 3, 0, 2, 8, 6, 9, 1, 5]",0,960,0.012983560562133789
GA,26,10,"[0, 8, 6, 1, 3, 7, 9, 4, 2, 5]",0,1440,0.01961994171142578
GA,27,10,"[7, 4, 1, 8, 6, 3, 0, 2, 9, 5]",0,120,0.0011930465698242188
GA,28,10,"[4, 0, 7, 9, 6, 3, 1, 8, 5, 2]",0,5520,0.07480454444885254
GA,29,10,"[9, 3, 5, 8, 2, 0, 7, 1, 4, 6]",0,2880,0.038870811462402344
